,max_features_options,ROC
0,auto,0.839497338363
1,,0.839497338363
2,sqrt,0.833035015158
3,log2,0.833035015158
4,0.9,0.841019161235
5,0.2,0.805485088766
