,tree_count,ROC
0,3,0.705002764818
1,5,0.76799153774
2,10,0.839497338363
3,20,0.880173857621
4,25,0.888664052414
5,30,0.894454165258
6,50,0.905586966968
